date	size'/'remotesize	flags(request:Update,Range state:File response:Modified,Chunked,gZipped)	statuscode	status ('servermsg')	MIME	Etag|Date	URL	localfile	(from URL)
20:56:06	905/905	---M-Z	404	error ('Not%20Found')	text/html	etag:W/%22653fd53d-69e%22	https://mattgroh.com/robots.txt		(from )
20:56:07	16810/16810	---M-Z	200	added ('OK')	text/html	etag:W/%22653fd53e-41aa%22	https://mattgroh.com/	C:/My%20Web%20Sites/myWebsite/mattgroh.com/index.html	(from )
20:56:07	15023/15023	---M-Z	200	added ('OK')	application/xml	etag:W/%22653fd53e-3aaf%22	https://mattgroh.com/index.xml	C:/My%20Web%20Sites/myWebsite/mattgroh.com/index.xml	(from https://mattgroh.com/)
20:56:07	4430/4430	---M-Z	200	added ('OK')	text/css	etag:W/%22653fd53d-114e%22	https://mattgroh.com/css/main.min.99c825d6997360a60638a6d7876e0f14b3c00fd5e3e4aaa930f612af82c25525.css	C:/My%20Web%20Sites/myWebsite/mattgroh.com/css/main.min.99c825d6997360a60638a6d7876e0f14b3c00fd5e3e4aaa930f612af82c25525.css	(from https://mattgroh.com/)
20:56:07	52916/52916	---MC-	200	added ('OK')	text/javascript	date:Mon,%2012%20Jun%202023%2018:23:07%20GMT	https://www.google-analytics.com/analytics.js	C:/My%20Web%20Sites/myWebsite/www.google-analytics.com/analytics.js	(from https://mattgroh.com/)
20:56:08	155758/155758	---MCZ	200	added ('OK')	text/css	etag:W/%22a15c2ac3234aa8f6064ef9c1f7383c37%22	https://stackpath.bootstrapcdn.com/bootstrap/4.3.1/css/bootstrap.min.css	C:/My%20Web%20Sites/myWebsite/stackpath.bootstrapcdn.com/bootstrap/4.3.1/css/bootstrap.min.css	(from https://mattgroh.com/)
20:56:08	234669/234669	---M--	200	added ('OK')	image/jpeg	etag:%22653fd53d-394ad%22	https://mattgroh.com/images/groh.jpg	C:/My%20Web%20Sites/myWebsite/mattgroh.com/images/groh.jpg	(from https://mattgroh.com/)
20:56:08	147586/147586	---M--	200	added ('OK')	application/pdf	etag:%22653fd53e-24082%22	https://mattgroh.com/pdfs/Matt_Groh_CV.pdf	C:/My%20Web%20Sites/myWebsite/mattgroh.com/pdfs/Matt_Groh_CV.pdf	(from https://mattgroh.com/)
20:56:09	101163/101163	---M--	200	added ('OK')	application/pdf	etag:%22653fd53e-18b2b%22	https://mattgroh.com/pdfs/postdoc2024.pdf	C:/My%20Web%20Sites/myWebsite/mattgroh.com/pdfs/postdoc2024.pdf	(from https://mattgroh.com/)
20:56:09	4075/4075	---M-Z	200	added ('OK')	text/html	etag:W/%22653fd53d-feb%22	https://mattgroh.com/bio/	C:/My%20Web%20Sites/myWebsite/mattgroh.com/bio/index.html	(from https://mattgroh.com/)
20:56:09	75562/75562	---M--	200	added ('OK')	image/png	etag:%22653fd53d-1272a%22	https://mattgroh.com/images/aas.png	C:/My%20Web%20Sites/myWebsite/mattgroh.com/images/aas.png	(from https://mattgroh.com/)
20:56:09	4759/4759	---M-Z	200	added ('OK')	text/html	etag:W/%22653fd53e-1297%22	https://mattgroh.com/videos/	C:/My%20Web%20Sites/myWebsite/mattgroh.com/videos/index.html	(from https://mattgroh.com/)
20:56:09	830132/830132	---M--	200	added ('OK')	application/pdf	etag:%22653fd53e-caab4%22	https://mattgroh.com/pdfs/art_science_deeper_dive.pdf	C:/My%20Web%20Sites/myWebsite/mattgroh.com/pdfs/art_science_deeper_dive.pdf	(from https://mattgroh.com/)
20:56:10	2868/2868	---M-Z	200	added ('OK')	text/html	etag:W/%22653fd53e-b34%22	https://mattgroh.com/podcasts/	C:/My%20Web%20Sites/myWebsite/mattgroh.com/podcasts/index.html	(from https://mattgroh.com/)
20:56:10	8402/8402	---M-Z	200	added ('OK')	text/html	etag:W/%22653fd53d-20d2%22	https://mattgroh.com/art/	C:/My%20Web%20Sites/myWebsite/mattgroh.com/art/index.html	(from https://mattgroh.com/)
20:56:10	368059/368059	---M--	200	added ('OK')	image/png	etag:%22653fd53d-59dbb%22	https://mattgroh.com/images/nm_thumb.png	C:/My%20Web%20Sites/myWebsite/mattgroh.com/images/nm_thumb.png	(from https://mattgroh.com/)
20:56:10	294684/294684	---M--	200	added ('OK')	image/png	etag:%22653fd53d-47f1c%22	https://mattgroh.com/images/pdd.png	C:/My%20Web%20Sites/myWebsite/mattgroh.com/images/pdd.png	(from https://mattgroh.com/)
20:56:11	149131/149131	---M--	200	added ('OK')	image/png	etag:%22653fd53d-2468b%22	https://mattgroh.com/images/framework_training_synthetic_skin.png	C:/My%20Web%20Sites/myWebsite/mattgroh.com/images/framework_training_synthetic_skin.png	(from https://mattgroh.com/)
20:56:11	5719116/5719116	---M--	200	added ('OK')	application/pdf	etag:%22653fd53e-57444c%22	https://mattgroh.com/pdfs/political_deepfakes.pdf	C:/My%20Web%20Sites/myWebsite/mattgroh.com/pdfs/political_deepfakes.pdf	(from https://mattgroh.com/)
20:56:11	171182/171182	---M--	200	added ('OK')	image/png	etag:%22653fd53e-29cae%22	https://mattgroh.com/images/self_clean.png	C:/My%20Web%20Sites/myWebsite/mattgroh.com/images/self_clean.png	(from https://mattgroh.com/)
20:56:12	15576944/15576944	---M--	200	added ('OK')	application/pdf	etag:%22653fd53e-edaf70%22	https://mattgroh.com/pdfs/augmenting_medical_image_classifiers.pdf	C:/My%20Web%20Sites/myWebsite/mattgroh.com/pdfs/augmenting_medical_image_classifiers.pdf	(from https://mattgroh.com/)
20:56:12	692102/692102	---M--	200	added ('OK')	image/png	etag:%22653fd53e-a8f86%22	https://mattgroh.com/images/toward_reliable_image.png	C:/My%20Web%20Sites/myWebsite/mattgroh.com/images/toward_reliable_image.png	(from https://mattgroh.com/)
20:56:12	15792235/15792235	---M--	200	added ('OK')	application/pdf	etag:%22653fd53e-f0f86b%22	https://mattgroh.com/pdfs/self_clean.pdf	C:/My%20Web%20Sites/myWebsite/mattgroh.com/pdfs/self_clean.pdf	(from https://mattgroh.com/)
20:56:12	5782048/5782048	---M--	200	added ('OK')	application/pdf	etag:%22653fd53e-583a20%22	https://mattgroh.com/pdfs/towards_reliable_derm_benchmarks.pdf	C:/My%20Web%20Sites/myWebsite/mattgroh.com/pdfs/towards_reliable_derm_benchmarks.pdf	(from https://mattgroh.com/)
20:56:12	782528/782528	---M--	200	added ('OK')	image/png	etag:%22653fd53d-bf0c0%22	https://mattgroh.com/images/deepfake-detection.png	C:/My%20Web%20Sites/myWebsite/mattgroh.com/images/deepfake-detection.png	(from https://mattgroh.com/)
20:56:12	1134747/1134747	---M--	200	added ('OK')	application/pdf	etag:%22653fd53e-11509b%22	https://mattgroh.com/pdfs/detect-fakes-comparing-human-machine.pdf	C:/My%20Web%20Sites/myWebsite/mattgroh.com/pdfs/detect-fakes-comparing-human-machine.pdf	(from https://mattgroh.com/)
20:56:13	1902617/1902617	---M--	200	added ('OK')	image/gif	etag:%22653fd53e-1d0819%22	https://mattgroh.com/images/well_dressed_bear.gif	C:/My%20Web%20Sites/myWebsite/mattgroh.com/images/well_dressed_bear.gif	(from https://mattgroh.com/)
20:56:13	1028884/1028884	---M--	200	added ('OK')	application/pdf	etag:%22653fd53e-fb314%22	https://mattgroh.com/pdfs/computational-empathy.pdf	C:/My%20Web%20Sites/myWebsite/mattgroh.com/pdfs/computational-empathy.pdf	(from https://mattgroh.com/)
20:56:13	74308/74308	---M--	200	added ('OK')	image/png	etag:%22653fd53d-12244%22	https://mattgroh.com/images/heatmap-fitz.png	C:/My%20Web%20Sites/myWebsite/mattgroh.com/images/heatmap-fitz.png	(from https://mattgroh.com/)
20:56:13	1917810/1917810	---M--	200	added ('OK')	application/pdf	etag:%22653fd53e-1d4372%22	https://mattgroh.com/pdfs/towards_transparency.pdf	C:/My%20Web%20Sites/myWebsite/mattgroh.com/pdfs/towards_transparency.pdf	(from https://mattgroh.com/)
20:56:13	26214/26214	---M--	200	added ('OK')	image/jpeg	etag:%22653fd53d-6666%22	https://mattgroh.com/images/gap.jpg	C:/My%20Web%20Sites/myWebsite/mattgroh.com/images/gap.jpg	(from https://mattgroh.com/)
20:56:14	934799/934799	---M--	200	added ('OK')	application/pdf	etag:%22653fd53e-e438f%22	https://mattgroh.com/pdfs/contextshift.pdf	C:/My%20Web%20Sites/myWebsite/mattgroh.com/pdfs/contextshift.pdf	(from https://mattgroh.com/)
20:56:14	447614/447614	---M--	200	added ('OK')	image/png	etag:%22653fd53d-6d47e%22	https://mattgroh.com/images/diffusion_prompt_process.png	C:/My%20Web%20Sites/myWebsite/mattgroh.com/images/diffusion_prompt_process.png	(from https://mattgroh.com/)
20:56:14	154645/154645	---M--	200	added ('OK')	image/png	etag:%22653fd53d-25c15%22	https://mattgroh.com/images/emotion.png	C:/My%20Web%20Sites/myWebsite/mattgroh.com/images/emotion.png	(from https://mattgroh.com/)
20:56:15	116879/116879	---M--	200	added ('OK')	application/pdf	etag:%22653fd53e-1c88f%22	https://mattgroh.com/pdfs/context_automated_affect_recognition.pdf	C:/My%20Web%20Sites/myWebsite/mattgroh.com/pdfs/context_automated_affect_recognition.pdf	(from https://mattgroh.com/)
20:56:15	205761/205761	---M--	200	added ('OK')	image/png	etag:%22653fd53d-323c1%22	https://mattgroh.com/images/fitzpatrick17k.png	C:/My%20Web%20Sites/myWebsite/mattgroh.com/images/fitzpatrick17k.png	(from https://mattgroh.com/)
20:56:15	11954565/11954565	---M--	200	added ('OK')	application/pdf	etag:%22653fd53e-b66985%22	https://mattgroh.com/pdfs/diffusion_models_derm.pdf	C:/My%20Web%20Sites/myWebsite/mattgroh.com/pdfs/diffusion_models_derm.pdf	(from https://mattgroh.com/)
20:56:15	1132095/1132095	---M--	200	added ('OK')	application/pdf	etag:%22653fd53e-11463f%22	https://mattgroh.com/pdfs/dnn-clinical-fitzpatrick.pdf	C:/My%20Web%20Sites/myWebsite/mattgroh.com/pdfs/dnn-clinical-fitzpatrick.pdf	(from https://mattgroh.com/)
20:56:16	2841979/2841979	---M--	200	added ('OK')	image/png	etag:%22653fd53d-2b5d7b%22	https://mattgroh.com/images/deepangel.png	C:/My%20Web%20Sites/myWebsite/mattgroh.com/images/deepangel.png	(from https://mattgroh.com/)
20:56:16	1268448/1268448	---M--	200	added ('OK')	image/png	etag:%22653fd53d-135ae0%22	https://mattgroh.com/images/ganimals.png	C:/My%20Web%20Sites/myWebsite/mattgroh.com/images/ganimals.png	(from https://mattgroh.com/)
20:56:16	6253137/6253137	---M--	200	added ('OK')	application/pdf	etag:%22653fd53e-5f6a51%22	https://mattgroh.com/pdfs/human-detection.pdf	C:/My%20Web%20Sites/myWebsite/mattgroh.com/pdfs/human-detection.pdf	(from https://mattgroh.com/)
20:56:16	162/162	---M--	301	error ('Moved%20Permanently')	text/html	date:Tue,%2031%20Oct%202023%2000:56:16%20GMT	https://mattgroh.com/art	C:/My%20Web%20Sites/myWebsite/mattgroh.com/art	(from https://mattgroh.com/bio/)
20:56:17	162/162	---M--	301	error ('Moved%20Permanently')	text/html	date:Tue,%2031%20Oct%202023%2000:56:16%20GMT	https://mattgroh.com/technical-notes	C:/My%20Web%20Sites/myWebsite/mattgroh.com/technical-notes	(from https://mattgroh.com/bio/)
20:56:17	162/162	---M--	301	error ('Moved%20Permanently')	text/html	date:Tue,%2031%20Oct%202023%2000:56:17%20GMT	https://mattgroh.com/bio	C:/My%20Web%20Sites/myWebsite/mattgroh.com/bio	(from https://mattgroh.com/bio/)
20:56:17	3737/3737	---M-Z	200	added ('OK')	text/html	etag:W/%22653fd53e-e99%22	https://mattgroh.com/technical-notes/	C:/My%20Web%20Sites/myWebsite/mattgroh.com/technical-notes/index.html	(from https://mattgroh.com/bio/)
20:56:17	14134550/14134550	---M--	200	added ('OK')	application/pdf	etag:%22653fd53e-d7ad16%22	https://mattgroh.com/pdfs/ganimals2.pdf	C:/My%20Web%20Sites/myWebsite/mattgroh.com/pdfs/ganimals2.pdf	(from https://mattgroh.com/)
20:56:17	162/162	---M--	301	error ('Moved%20Permanently')	text/html	date:Tue,%2031%20Oct%202023%2000:56:17%20GMT	https://mattgroh.com/backcountry-recipes	C:/My%20Web%20Sites/myWebsite/mattgroh.com/backcountry-recipes	(from https://mattgroh.com/bio/)
20:56:18	2952/2952	---M-Z	200	added ('OK')	text/html	etag:W/%22653fd53d-b88%22	https://mattgroh.com/backcountry-recipes/	C:/My%20Web%20Sites/myWebsite/mattgroh.com/backcountry-recipes/index.html	(from https://mattgroh.com/bio/)
20:56:18	162/162	---M--	301	error ('Moved%20Permanently')	text/html	date:Tue,%2031%20Oct%202023%2000:56:17%20GMT	https://mattgroh.com/art	C:/My%20Web%20Sites/myWebsite/mattgroh.com/art	(from https://mattgroh.com/videos/)
20:56:18	162/162	---M--	301	error ('Moved%20Permanently')	text/html	date:Tue,%2031%20Oct%202023%2000:56:18%20GMT	https://mattgroh.com/bio	C:/My%20Web%20Sites/myWebsite/mattgroh.com/bio	(from https://mattgroh.com/videos/)
20:56:18	162/162	---M--	301	error ('Moved%20Permanently')	text/html	date:Tue,%2031%20Oct%202023%2000:56:18%20GMT	https://mattgroh.com/art	C:/My%20Web%20Sites/myWebsite/mattgroh.com/art	(from https://mattgroh.com/podcasts/)
20:56:19	162/162	---M--	301	error ('Moved%20Permanently')	text/html	date:Tue,%2031%20Oct%202023%2000:56:18%20GMT	https://mattgroh.com/bio	C:/My%20Web%20Sites/myWebsite/mattgroh.com/bio	(from https://mattgroh.com/podcasts/)
20:56:19	2179466/2179466	---M--	200	added ('OK')	image/jpeg	etag:%22653fd53e-21418a%22	https://mattgroh.com/images/seams.jpg	C:/My%20Web%20Sites/myWebsite/mattgroh.com/images/seams.jpg	(from https://mattgroh.com/art/)
20:56:19	2232010/2232010	---M--	200	added ('OK')	image/jpeg	etag:%22653fd53d-220eca%22	https://mattgroh.com/images/detect_fakes_mit_museum.jpg	C:/My%20Web%20Sites/myWebsite/mattgroh.com/images/detect_fakes_mit_museum.jpg	(from https://mattgroh.com/art/)
20:56:19	1435754/1435754	---M--	200	added ('OK')	image/jpeg	etag:%22653fd53e-15e86a%22	https://mattgroh.com/images/speaker.jpg	C:/My%20Web%20Sites/myWebsite/mattgroh.com/images/speaker.jpg	(from https://mattgroh.com/art/)
20:56:20	2151531/2151531	---M--	200	added ('OK')	image/jpeg	etag:%22653fd53e-20d46b%22	https://mattgroh.com/images/true_or_false.jpg	C:/My%20Web%20Sites/myWebsite/mattgroh.com/images/true_or_false.jpg	(from https://mattgroh.com/art/)
20:56:20	2571158/2571158	---M--	200	added ('OK')	image/jpeg	etag:%22653fd53d-273b96%22	https://mattgroh.com/images/deepangel_mit_museum.jpg	C:/My%20Web%20Sites/myWebsite/mattgroh.com/images/deepangel_mit_museum.jpg	(from https://mattgroh.com/art/)
20:56:20	566139/566139	---M--	200	added ('OK')	image/jpeg	etag:%22653fd53d-8a37b%22	https://mattgroh.com/images/04-shadows-sans-substance.jpg	C:/My%20Web%20Sites/myWebsite/mattgroh.com/images/04-shadows-sans-substance.jpg	(from https://mattgroh.com/art/)
20:56:20	718227/718227	---M--	200	added ('OK')	image/jpeg	etag:%22653fd53d-af593%22	https://mattgroh.com/images/arselectronica.jpg	C:/My%20Web%20Sites/myWebsite/mattgroh.com/images/arselectronica.jpg	(from https://mattgroh.com/art/)
20:56:21	1694/1694	---M-Z	404	error ('Not%20Found')	text/html	etag:W/%22653fd53d-69e%22	https://mattgroh.com/images/opt1.gif	C:/My%20Web%20Sites/myWebsite/mattgroh.com/images/opt1.gif	(from https://mattgroh.com/art/)
20:56:21	3503779/3503779	---M--	200	added ('OK')	image/png	etag:%22653fd53d-3576a3%22	https://mattgroh.com/images/ganimal-transitions.png	C:/My%20Web%20Sites/myWebsite/mattgroh.com/images/ganimal-transitions.png	(from https://mattgroh.com/art/)
20:56:21	1099571/1099571	---M--	200	added ('OK')	image/jpeg	etag:%22653fd53d-10c733%22	https://mattgroh.com/images/ganimal-ki_tmw.jpg	C:/My%20Web%20Sites/myWebsite/mattgroh.com/images/ganimal-ki_tmw.jpg	(from https://mattgroh.com/art/)
20:56:21	78708/78708	---M--	200	added ('OK')	image/jpeg	etag:%22653fd53d-13374%22	https://mattgroh.com/images/aispirits.jpg	C:/My%20Web%20Sites/myWebsite/mattgroh.com/images/aispirits.jpg	(from https://mattgroh.com/art/)
20:56:21	162/162	---M--	301	error ('Moved%20Permanently')	text/html	date:Tue,%2031%20Oct%202023%2000:56:21%20GMT	https://mattgroh.com/art	C:/My%20Web%20Sites/myWebsite/mattgroh.com/art	(from https://mattgroh.com/art/)
20:56:22	162/162	---M--	301	error ('Moved%20Permanently')	text/html	date:Tue,%2031%20Oct%202023%2000:56:21%20GMT	https://mattgroh.com/bio	C:/My%20Web%20Sites/myWebsite/mattgroh.com/bio	(from https://mattgroh.com/art/)
20:56:22	162/162	---M--	301	error ('Moved%20Permanently')	text/html	date:Tue,%2031%20Oct%202023%2000:56:22%20GMT	https://mattgroh.com/technical-notes-list/jupyter-notebook-from-remote-machine	C:/My%20Web%20Sites/myWebsite/mattgroh.com/technical-notes-list/jupyter-notebook-from-remote-machine	(from https://mattgroh.com/technical-notes/)
20:56:22	162/162	---M--	301	error ('Moved%20Permanently')	text/html	date:Tue,%2031%20Oct%202023%2000:56:22%20GMT	https://mattgroh.com/technical-notes-list/reverse-ssh-tunnel	C:/My%20Web%20Sites/myWebsite/mattgroh.com/technical-notes-list/reverse-ssh-tunnel	(from https://mattgroh.com/technical-notes/)
20:56:22	4889/4889	---M-Z	200	added ('OK')	text/html	etag:W/%22653fd53e-1319%22	https://mattgroh.com/technical-notes-list/jupyter-notebook-from-remote-machine/	C:/My%20Web%20Sites/myWebsite/mattgroh.com/technical-notes-list/jupyter-notebook-from-remote-machine/index.html	(from https://mattgroh.com/technical-notes/)
20:56:23	162/162	---M--	301	error ('Moved%20Permanently')	text/html	date:Tue,%2031%20Oct%202023%2000:56:22%20GMT	https://mattgroh.com/technical-notes-list/combining-pdfs-from-command-line	C:/My%20Web%20Sites/myWebsite/mattgroh.com/technical-notes-list/combining-pdfs-from-command-line	(from https://mattgroh.com/technical-notes/)
20:56:23	4266/4266	---M-Z	200	added ('OK')	text/html	etag:W/%22653fd53e-10aa%22	https://mattgroh.com/technical-notes-list/reverse-ssh-tunnel/	C:/My%20Web%20Sites/myWebsite/mattgroh.com/technical-notes-list/reverse-ssh-tunnel/index.html	(from https://mattgroh.com/technical-notes/)
20:56:23	162/162	---M--	301	error ('Moved%20Permanently')	text/html	date:Tue,%2031%20Oct%202023%2000:56:22%20GMT	https://mattgroh.com/technical-notes-list/setting-up-hugo-locally	C:/My%20Web%20Sites/myWebsite/mattgroh.com/technical-notes-list/setting-up-hugo-locally	(from https://mattgroh.com/technical-notes/)
20:56:23	162/162	---M--	301	error ('Moved%20Permanently')	text/html	date:Tue,%2031%20Oct%202023%2000:56:23%20GMT	https://mattgroh.com/technical-notes-list/hosting-hugo-github-pages-custom-domain-name	C:/My%20Web%20Sites/myWebsite/mattgroh.com/technical-notes-list/hosting-hugo-github-pages-custom-domain-name	(from https://mattgroh.com/technical-notes/)
20:56:23	162/162	---M--	301	error ('Moved%20Permanently')	text/html	date:Tue,%2031%20Oct%202023%2000:56:23%20GMT	https://mattgroh.com/art	C:/My%20Web%20Sites/myWebsite/mattgroh.com/art	(from https://mattgroh.com/technical-notes/)
20:56:23	162/162	---M--	301	error ('Moved%20Permanently')	text/html	date:Tue,%2031%20Oct%202023%2000:56:23%20GMT	https://mattgroh.com/bio	C:/My%20Web%20Sites/myWebsite/mattgroh.com/bio	(from https://mattgroh.com/technical-notes/)
20:56:24	3767/3767	---M-Z	200	added ('OK')	text/html	etag:W/%22653fd53e-eb7%22	https://mattgroh.com/technical-notes-list/combining-pdfs-from-command-line/	C:/My%20Web%20Sites/myWebsite/mattgroh.com/technical-notes-list/combining-pdfs-from-command-line/index.html	(from https://mattgroh.com/technical-notes/)
20:56:24	2776/2776	---M-Z	200	added ('OK')	application/xml	etag:W/%22653fd53d-ad8%22	https://mattgroh.com/backcountry-recipes/index.xml	C:/My%20Web%20Sites/myWebsite/mattgroh.com/backcountry-recipes/index.xml	(from https://mattgroh.com/backcountry-recipes/)
20:56:24	4811/4811	---M-Z	200	added ('OK')	text/html	etag:W/%22653fd53e-12cb%22	https://mattgroh.com/technical-notes-list/setting-up-hugo-locally/	C:/My%20Web%20Sites/myWebsite/mattgroh.com/technical-notes-list/setting-up-hugo-locally/index.html	(from https://mattgroh.com/technical-notes/)
20:56:24	162/162	---M--	301	error ('Moved%20Permanently')	text/html	date:Tue,%2031%20Oct%202023%2000:56:24%20GMT	https://mattgroh.com/art	C:/My%20Web%20Sites/myWebsite/mattgroh.com/art	(from https://mattgroh.com/backcountry-recipes/)
20:56:24	162/162	---M--	301	error ('Moved%20Permanently')	text/html	date:Tue,%2031%20Oct%202023%2000:56:24%20GMT	https://mattgroh.com/bio	C:/My%20Web%20Sites/myWebsite/mattgroh.com/bio	(from https://mattgroh.com/backcountry-recipes/)
20:56:25	4672/4672	---M-Z	200	added ('OK')	text/html	etag:W/%22653fd53d-1240%22	https://mattgroh.com/backcountry-recipes/breakfast/	C:/My%20Web%20Sites/myWebsite/mattgroh.com/backcountry-recipes/breakfast/index.html	(from https://mattgroh.com/backcountry-recipes/)
20:56:25	6086/6086	---M-Z	200	added ('OK')	text/html	etag:W/%22653fd53e-17c6%22	https://mattgroh.com/technical-notes-list/hosting-hugo-github-pages-custom-domain-name/	C:/My%20Web%20Sites/myWebsite/mattgroh.com/technical-notes-list/hosting-hugo-github-pages-custom-domain-name/index.html	(from https://mattgroh.com/technical-notes/)
20:56:25	162/162	---M--	301	error ('Moved%20Permanently')	text/html	date:Tue,%2031%20Oct%202023%2000:56:25%20GMT	https://mattgroh.com/art	C:/My%20Web%20Sites/myWebsite/mattgroh.com/art	(from https://mattgroh.com/technical-notes-list/jupyter-notebook-from-remote-machine/)
20:56:25	4139/4139	---M-Z	200	added ('OK')	text/html	etag:W/%22653fd53d-102b%22	https://mattgroh.com/backcountry-recipes/lunch/	C:/My%20Web%20Sites/myWebsite/mattgroh.com/backcountry-recipes/lunch/index.html	(from https://mattgroh.com/backcountry-recipes/)
20:56:25	162/162	---M--	301	error ('Moved%20Permanently')	text/html	date:Tue,%2031%20Oct%202023%2000:56:25%20GMT	https://mattgroh.com/bio	C:/My%20Web%20Sites/myWebsite/mattgroh.com/bio	(from https://mattgroh.com/technical-notes-list/jupyter-notebook-from-remote-machine/)
20:56:26	5583/5583	---M-Z	200	added ('OK')	text/html	etag:W/%22653fd53d-15cf%22	https://mattgroh.com/backcountry-recipes/dinner/	C:/My%20Web%20Sites/myWebsite/mattgroh.com/backcountry-recipes/dinner/index.html	(from https://mattgroh.com/backcountry-recipes/)
20:56:26	162/162	---M--	301	error ('Moved%20Permanently')	text/html	date:Tue,%2031%20Oct%202023%2000:56:26%20GMT	https://mattgroh.com/art	C:/My%20Web%20Sites/myWebsite/mattgroh.com/art	(from https://mattgroh.com/technical-notes-list/reverse-ssh-tunnel/)
20:56:26	162/162	---M--	301	error ('Moved%20Permanently')	text/html	date:Tue,%2031%20Oct%202023%2000:56:26%20GMT	https://mattgroh.com/bio	C:/My%20Web%20Sites/myWebsite/mattgroh.com/bio	(from https://mattgroh.com/technical-notes-list/reverse-ssh-tunnel/)
20:56:26	162/162	---M--	301	error ('Moved%20Permanently')	text/html	date:Tue,%2031%20Oct%202023%2000:56:26%20GMT	https://mattgroh.com/art	C:/My%20Web%20Sites/myWebsite/mattgroh.com/art	(from https://mattgroh.com/technical-notes-list/combining-pdfs-from-command-line/)
20:56:27	162/162	---M--	301	error ('Moved%20Permanently')	text/html	date:Tue,%2031%20Oct%202023%2000:56:26%20GMT	https://mattgroh.com/bio	C:/My%20Web%20Sites/myWebsite/mattgroh.com/bio	(from https://mattgroh.com/technical-notes-list/combining-pdfs-from-command-line/)
20:56:27	68380/68380	---M--	200	added ('OK')	image/png	etag:%22653fd53d-10b1c%22	https://mattgroh.com/images/engimo_ss.png	C:/My%20Web%20Sites/myWebsite/mattgroh.com/images/engimo_ss.png	(from https://mattgroh.com/technical-notes-list/setting-up-hugo-locally/)
20:56:27	162/162	---M--	301	error ('Moved%20Permanently')	text/html	date:Tue,%2031%20Oct%202023%2000:56:27%20GMT	https://mattgroh.com/art	C:/My%20Web%20Sites/myWebsite/mattgroh.com/art	(from https://mattgroh.com/technical-notes-list/setting-up-hugo-locally/)
20:56:27	162/162	---M--	301	error ('Moved%20Permanently')	text/html	date:Tue,%2031%20Oct%202023%2000:56:27%20GMT	https://mattgroh.com/bio	C:/My%20Web%20Sites/myWebsite/mattgroh.com/bio	(from https://mattgroh.com/technical-notes-list/setting-up-hugo-locally/)
20:56:28	162/162	---M--	301	error ('Moved%20Permanently')	text/html	date:Tue,%2031%20Oct%202023%2000:56:27%20GMT	https://mattgroh.com/art	C:/My%20Web%20Sites/myWebsite/mattgroh.com/art	(from https://mattgroh.com/technical-notes-list/hosting-hugo-github-pages-custom-domain-name/)
20:56:28	162/162	---M--	301	error ('Moved%20Permanently')	text/html	date:Tue,%2031%20Oct%202023%2000:56:28%20GMT	https://mattgroh.com/bio	C:/My%20Web%20Sites/myWebsite/mattgroh.com/bio	(from https://mattgroh.com/technical-notes-list/hosting-hugo-github-pages-custom-domain-name/)
20:56:28	162/162	---M--	301	error ('Moved%20Permanently')	text/html	date:Tue,%2031%20Oct%202023%2000:56:28%20GMT	https://mattgroh.com/art	C:/My%20Web%20Sites/myWebsite/mattgroh.com/art	(from https://mattgroh.com/backcountry-recipes/breakfast/)
20:56:29	162/162	---M--	301	error ('Moved%20Permanently')	text/html	date:Tue,%2031%20Oct%202023%2000:56:28%20GMT	https://mattgroh.com/bio	C:/My%20Web%20Sites/myWebsite/mattgroh.com/bio	(from https://mattgroh.com/backcountry-recipes/breakfast/)
20:56:29	162/162	---M--	301	error ('Moved%20Permanently')	text/html	date:Tue,%2031%20Oct%202023%2000:56:29%20GMT	https://mattgroh.com/art	C:/My%20Web%20Sites/myWebsite/mattgroh.com/art	(from https://mattgroh.com/backcountry-recipes/lunch/)
20:56:29	162/162	---M--	301	error ('Moved%20Permanently')	text/html	date:Tue,%2031%20Oct%202023%2000:56:29%20GMT	https://mattgroh.com/bio	C:/My%20Web%20Sites/myWebsite/mattgroh.com/bio	(from https://mattgroh.com/backcountry-recipes/lunch/)
20:56:30	162/162	---M--	301	error ('Moved%20Permanently')	text/html	date:Tue,%2031%20Oct%202023%2000:56:29%20GMT	https://mattgroh.com/art	C:/My%20Web%20Sites/myWebsite/mattgroh.com/art	(from https://mattgroh.com/backcountry-recipes/dinner/)
20:56:30	162/162	---M--	301	error ('Moved%20Permanently')	text/html	date:Tue,%2031%20Oct%202023%2000:56:30%20GMT	https://mattgroh.com/bio	C:/My%20Web%20Sites/myWebsite/mattgroh.com/bio	(from https://mattgroh.com/backcountry-recipes/dinner/)
